SRR27312786,2023ZN-0001
SRR27312787,2023ZN-0002
SRR27312788,2023ZN-0011
SRR27312789,2023ZN-0012
SRR27312790,2023ZN-0013
SRR27312791,2023ZN-0014
SRR27312792,2023ZN-0015,SAMN39003158
SRR27312793,2023ZN-0016
SRR27312794,2023ZN-0017
SRR27312795,2023ZN-0003
SRR27312796,2023ZN-0004
SRR27312797,2023ZN-0005
SRR27312798,2023ZN-0006
SRR27312799,2023ZN-0007
SRR27312800,2023ZN-0008
SRR27312801,2023ZN-0009
SRR27312802,2023ZN-0010
SRR27376568,2023ZN-0027
SRR27376569,2023ZN-0026
SRR27376570,2023ZN-0025
SRR27376571,2023ZN-0024
SRR27376572,2023ZN-0023
SRR27376573,2023ZN-0022
SRR27376574,2023ZN-0021
SRR27376575,2023ZN-0020
SRR27376576,2023ZN-0031
SRR27376577,2023ZN-0030
SRR27376578,2023ZN-0029
SRR27376579,2023ZN-0028
SRR27376580,2023ZN-0019
SRR27376581,2023ZN-0018
SRR27481595,2023ZN-0041
SRR27481596,2023ZN-0040
SRR27481597,2023ZN-0039
SRR27481598,2023ZN-0038
SRR27481599,2023ZN-0037,SAMN39332658
SRR27481600,2023ZN-0036
SRR27481601,2023ZN-0035
SRR27481602,2023ZN-0034
SRR27481603,2023ZN-0047
SRR27481604,2023ZN-0046
SRR27481605,2023ZN-0045
SRR27481606,2023ZN-0044
SRR27481607,2023ZN-0043
SRR27481608,2023ZN-0042
SRR27481609,2023ZN-0033
SRR27481610,2023ZN-0032
SRR27488997,2023ZN-0057
SRR27488998,2023ZN-0056
SRR27488999,2023ZN-0055
SRR27489000,2023ZN-0054
SRR27489001,2023ZN-0053
SRR27489002,2023ZN-0052
SRR27489003,2023ZN-0051
SRR27489004,2023ZN-0050
SRR27489005,2023ZN-0062
SRR27489006,2023ZN-0061
SRR27489007,2023ZN-0060
SRR27489008,2023ZN-0059
SRR27489009,2023ZN-0058
SRR27489010,2023ZN-0049,SAMN39402576
SRR27489011,2023ZN-0048
SRR28000865,2023ZN-0081
SRR28000866,2023ZN-0080
SRR28000867,2023ZN-0079
SRR28000868,2023ZN-0078
SRR28083225,2023ZN-0091
SRR28083226,2023ZN-0090
SRR28083227,2023ZN-0089
SRR28083228,2023ZN-0086
SRR28083229,2023ZN-0085
SRR28083230,2023ZN-0088
SRR28083231,2023ZN-0087
SRR28083232,2023ZN-0084
SRR28083233,2023ZN-0094
SRR28083234,2023ZN-0093
SRR28083235,2023ZN-0092
SRR28083236,2023ZN-0083
SRR28083237,2023ZN-0082
SRR28093918,2023ZN-0104
SRR28093919,2023ZN-0103
SRR28093920,2023ZN-0102
SRR28093921,2023ZN-0101
SRR28093922,2023ZN-0100
SRR28093923,2023ZN-0099
SRR28093924,2023ZN-0098
SRR28093925,2023ZN-0097
SRR28093926,2023ZN-0106
SRR28093927,2023ZN-0105
SRR28093928,2023ZN-0096
SRR28093929,2023ZN-0095
SRR28127994,2023ZN-0111
SRR28127995,2023ZN-0110
SRR28127996,2023ZN-0109
SRR28127997,2023ZN-0108
SRR28127998,2023ZN-0107
SRR28127999,2023ZN-0119
SRR28128000,2023ZN-0118
SRR28128001,2023ZN-0116
SRR28128002,2023ZN-0113
SRR28128003,2023ZN-0117
SRR28128004,2023ZN-0112
SRR28128005,2023ZN-0115
SRR28128006,2023ZN-0114
SRR28312119,2024ZN-0010
SRR28312120,2024ZN-0009
SRR28312121,2024ZN-0008,SAMN40418997
SRR28312122,2024ZN-0007
SRR28312123,2024ZN-0194,SAMN40418995,OH-VH00648-240326
SRR28312124,2024ZN-0005
SRR28312125,2024ZN-0004
SRR28312126,2024ZN-0003
SRR28312127,2024ZN-0018
SRR28312128,2024ZN-0017
SRR28312129,2024ZN-0016
SRR28312130,2024ZN-0015
SRR28312131,2024ZN-0014
SRR28312132,2024ZN-0013
SRR28312133,2024ZN-0012
SRR28312134,2024ZN-0011
SRR28312135,2024ZN-0002
SRR28312136,2024ZN-0001
SRR28357600,2024ZN-0028
SRR28357601,2024ZN-0027
SRR28357602,2024ZN-0026
SRR28357603,2024ZN-0025
SRR28357604,2024ZN-0024
SRR28357605,2024ZN-0023
SRR28357606,2024ZN-0022,SAMN40473216
SRR28357607,2024ZN-0021
SRR28357608,2024ZN-0038
SRR28357609,2024ZN-0037
SRR28357610,2024ZN-0036
SRR28357611,2024ZN-0035
SRR28357612,2024ZN-0034
SRR28357613,2024ZN-0033
SRR28357614,2024ZN-0032
SRR28357615,2024ZN-0031
SRR28357616,2024ZN-0030
SRR28357617,2024ZN-0029
SRR28357618,2024ZN-0020
SRR28357619,2024ZN-0019
SRR28395768,2024ZN-0039
SRR28759601,2024ZN-0049
SRR28759602,2024ZN-0048
SRR28759603,2024ZN-0047
SRR28759604,2024ZN-0046
SRR28759605,2024ZN-0045
SRR28759606,2024ZN-0044
SRR28759607,2024ZN-0043
SRR28759608,2024ZN-0069
SRR28759609,2024ZN-0068
SRR28759610,2024ZN-0067
SRR28759611,2024ZN-0066
SRR28759612,2024ZN-0065
SRR28759613,2024ZN-0064
SRR28759614,2024ZN-0063
SRR28759615,2024ZN-0062
SRR28759616,2024ZN-0061
SRR28759617,2024ZN-0060
SRR28759618,2024ZN-0042
SRR28759619,2024ZN-0059
SRR28759620,2024ZN-0058
SRR28759621,2024ZN-0057
SRR28759622,2024ZN-0056
SRR28759623,2024ZN-0055
SRR28759624,2024ZN-0054
SRR28759625,2024ZN-0053
SRR28759626,2024ZN-0052
SRR28759627,2024ZN-0051
SRR28759628,2024ZN-0050
SRR28759629,2024ZN-0041
SRR28759630,2024ZN-0040
SRR28797656,2024ZN-0079,OH-VH01632-240202
SRR28797657,2024ZN-0078,OH-VH01632-240202
SRR28797658,2024ZN-0077,OH-VH01632-240202
SRR28797659,2024ZN-0076,OH-VH01632-240202
SRR28797660,2024ZN-0075,OH-VH01632-240202
SRR28797661,2024ZN-0074,OH-VH01632-240202
SRR28797662,2024ZN-0073,OH-VH01632-240202
SRR28797663,2024ZN-0095,OH-VH01632-240202
SRR28797664,2024ZN-0094,OH-VH01632-240202
SRR28797665,2024ZN-0093,OH-VH01632-240202
SRR28797666,2024ZN-0092,OH-VH01632-240202
SRR28797667,2024ZN-0091,OH-VH01632-240202
SRR28797668,2024ZN-0090,OH-VH01632-240202
SRR28797669,2024ZN-0072,OH-VH01632-240202
SRR28797670,2024ZN-0089,OH-VH01632-240202
SRR28797671,2024ZN-0088,OH-VH01632-240202
SRR28797672,2024ZN-0087,OH-VH01632-240202
SRR28797673,2024ZN-0086,OH-VH01632-240202
SRR28797674,2024ZN-0085,OH-VH01632-240202
SRR28797675,2024ZN-0084,OH-VH01632-240202
SRR28797676,2024ZN-0083,OH-VH01632-240202
SRR28797677,2024ZN-0082,OH-VH01632-240202
SRR28797678,2024ZN-0081,OH-VH01632-240202
SRR28797679,2024ZN-0080,OH-VH01632-240202
SRR28797680,2024ZN-0071,OH-VH01632-240202
SRR28797681,2024ZN-0070,OH-VH01632-240202
SRR28822023,2024ZN-0105,OH-VH01632-240202
SRR28822024,2024ZN-0104,OH-VH01632-240202
SRR28822025,2024ZN-0103,OH-VH01632-240202
SRR28822026,2024ZN-0102,OH-VH01632-240202
SRR28822027,2024ZN-0101,OH-VH01632-240202
SRR28822028,2024ZN-0100,OH-VH01632-240202
SRR28822029,2024ZN-0099,OH-VH01632-240202
SRR28822030,2024ZN-0098,OH-VH01632-240202
SRR28822031,2023ZN-0064,OH-VH01632-240202
SRR28822032,2023ZN-0063,OH-VH01632-240202
SRR28822033,2024ZN-0113,OH-VH01632-240202
SRR28822034,2024ZN-0112,OH-VH01632-240202
SRR28822035,2024ZN-0111,OH-VH01632-240202
SRR28822036,2024ZN-0110,OH-VH01632-240202
SRR28822037,2024ZN-0108,OH-VH01632-240202
SRR28822038,2024ZN-0107,OH-VH01632-240202
SRR28822039,2024ZN-0106,OH-VH01632-240202
SRR28822040,2024ZN-0097,OH-VH01632-240202
SRR28822041,2024ZN-0096,OH-VH01632-240202
SRR28824190,2023ZN-0076,OH-VH01632-240202
SRR28824191,2023ZN-0075,OH-VH01632-240202
SRR28824192,2023ZN-0074,OH-VH01632-240202
SRR28824193,2023ZN-0073,OH-VH01632-240202
SRR28824194,2023ZN-0072,OH-VH01632-240202
SRR28824195,2023ZN-0071,OH-VH01632-240202
SRR28824196,2023ZN-0068,OH-VH01632-240202
SRR28824197,2024ZN-0126,OH-VH01632-240202
SRR28824198,2024ZN-0125,OH-VH01632-240202
SRR28824199,2024ZN-0124,OH-VH01632-240202
SRR28824200,2024ZN-0123,OH-VH01632-240202
SRR28824201,2023ZN-0067,OH-VH01632-240202
SRR28824202,2024ZN-0122,OH-VH01632-240202
SRR28824203,2024ZN-0121,OH-VH01632-240202
SRR28824204,2024ZN-0120,OH-VH01632-240202
SRR28824205,2024ZN-0119,OH-VH01632-240202
SRR28824206,2024ZN-0118,OH-VH01632-240202
SRR28824207,2024ZN-0117,OH-VH01632-240202
SRR28824208,2024ZN-0116,OH-VH01632-240202
SRR28824209,2024ZN-0115,OH-VH01632-240202
SRR28824210,2024ZN-0114,OH-VH01632-240202
SRR28824211,2023ZN-0077,OH-VH01632-240202
SRR28824212,2023ZN-0066,OH-VH01632-240202
SRR28824213,2023ZN-0065,OH-VH01632-240202
SRR28825088,2024ZN-0136
SRR28825089,2024ZN-0135
SRR28825090,2024ZN-0134
SRR28825091,2024ZN-0133
SRR28825092,2024ZN-0132
SRR28825093,2024ZN-0131
SRR28825094,2024ZN-0130
SRR28825095,2024ZN-0129
SRR28825096,2024ZN-0138
SRR28825097,2024ZN-0137
SRR28825098,2024ZN-0128
SRR28825099,2024ZN-0127
SRR28996661,2023ZN-0070
SRR28996662,2023ZN-0069
SRR29021537,2024ZN-0151
SRR29021538,2024ZN-0150
SRR29021539,2024ZN-0149
SRR29021540,2024ZN-0148
SRR29021541,2024ZN-0147
SRR29021542,2024ZN-0146
SRR29021543,2024ZN-0145
SRR29021544,2024ZN-0144
SRR29021545,2024ZN-0152
SRR29021546,2024ZN-0143
SRR29021547,2024ZN-0142
SRR29120354,2024ZN-0161
SRR29120355,2024ZN-0160
SRR29120356,2024ZN-0159
SRR29120357,2024ZN-0158
SRR29120358,2024ZN-0157
SRR29120359,2024ZN-0156
SRR29120360,2024ZN-0155
SRR29120361,2024ZN-0154
SRR29120362,2024ZN-0153
SRR29282332,2024ZN-0183
SRR29327166,2024ZN-0171,OH-VH00648-240301
SRR29327167,2024ZN-0170,OH-VH00648-240301
SRR29327168,2024ZN-0169,OH-VH00648-240301
SRR29327169,2024ZN-0168,OH-VH00648-240301
SRR29327170,2024ZN-0167,OH-VH00648-240301
SRR29327171,2024ZN-0166,OH-VH00648-240301
SRR29327172,2024ZN-0165,OH-VH00648-240301
SRR29327173,2024ZN-0164,OH-VH00648-240301
SRR29327174,2024ZN-0181,OH-VH00648-240301
SRR29327175,2024ZN-0180,OH-VH00648-240301
SRR29327176,2024ZN-0179,SAMN41752569,OH-VH00648-240301
SRR29327177,2024ZN-0178,OH-VH00648-240301
SRR29327178,2024ZN-0177,OH-VH00648-240301
SRR29327179,2024ZN-0176,OH-VH00648-240301
SRR29327180,2024ZN-0175,OH-VH00648-240301
SRR29327181,2024ZN-0174,OH-VH00648-240301
SRR29327182,2024ZN-0173,OH-VH00648-240301
SRR29327183,2024ZN-0172,OH-VH00648-240301
SRR29327184,2024ZN-0163,OH-VH00648-240301
SRR29327185,2024ZN-0162,OH-VH00648-240301
SRR29409431,2024ZN-0192,SAMN41831293,
SRR29409432,2024ZN-0191,SAMN41831292
SRR29409433,2024ZN-0190,SAMN41831291
SRR29409434,2024ZN-0189,SAMN41831290
SRR29409435,2024ZN-0203,OH-VH01632-240605
SRR29409436,2024ZN-0196,SAMN41831288
SRR29409437,2024ZN-0195,SAMN41831287
SRR29468024,2024ZN-0200,OH-VH00648-240326
SRR29468025,2024ZN-0199,OH-VH00648-240326
SRR29468026,2024ZN-0198,OH-VH00648-240326
SRR29468027,2024ZN-0202,OH-VH00648-240326
SRR29468028,2024ZN-0201,OH-VH00648-240326
SRR29501340,2024ZN-0210,OH-VH01632-240605
SRR29501341,2024ZN-0209,OH-VH01632-240605
SRR29501342,2024ZN-0208,OH-VH01632-240605
SRR29501343,2024ZN-0207,OH-VH01632-240605
SRR29501344,2024ZN-0205,OH-VH01632-240605
SRR29501345,2024ZN-0204,OH-VH01632-240605
SRR29501346,2024ZN-0187,OH-VH01632-240605
SRR29501347,2024ZN-0186,OH-VH01632-240605
SRR29501348,2024ZN-0185,OH-VH01632-240605
SRR29501349,2024ZN-0184,OH-VH01632-240605
SRR29656108,2024ZN-0211,OH-VH01632-240605
SRR29667697,2024ZN-0213,OH-VH00648-240614
SRR29667698,2024ZN-0212,OH-VH00648-240614
SRR29694594,2024ZN-0215,OH-VH00648-240614
SRR29694595,2024ZN-0214,OH-VH00648-240614
SRR29705302,2024ZN-0225,OH-VH00648-240301
SRR29705303,2024ZN-0224,OH-VH00648-240301
SRR29705304,2024ZN-0223,OH-VH00648-240301
SRR29705305,2024ZN-0222,OH-VH00648-240301
SRR29705306,2024ZN-0221,OH-VH00648-240301
SRR29705307,2024ZN-0220,OH-VH00648-240301
SRR29705308,2024ZN-0219,OH-VH00648-240301
SRR29705309,2024ZN-0218,SAMN42320917,OH-VH00648-240301
SRR29705310,2024ZN-0230,OH-VH00648-240301
SRR29705311,2024ZN-0229,OH-VH00648-240301
SRR29705312,2024ZN-0228,OH-VH00648-240301
SRR29705313,2024ZN-0227,OH-VH00648-240301
SRR29705314,2024ZN-0226,OH-VH00648-240301
SRR29705315,2024ZN-0217,OH-VH00648-240301
SRR29705316,2024ZN-0216,OH-VH00648-240301
SRR29763005,2024ZN-0241,OH-VH00648-240326
SRR29763006,2024ZN-0240,OH-VH00648-240326
SRR29763007,2024ZN-0239,OH-VH00648-240326
SRR29763008,2024ZN-0238,OH-VH00648-240326
SRR29763009,2024ZN-0237,OH-VH00648-240326
SRR29763010,2024ZN-0236,OH-VH00648-240326
SRR29763011,2024ZN-0235,OH-VH00648-240326
SRR29763012,2024ZN-0234,OH-VH00648-240326
SRR29763013,2024ZN-0231,OH-VH00648-240326
SRR29763014,2024ZN-0243,OH-VH00648-240326
SRR29763015,2024ZN-0242,OH-VH00648-240326
SRR29763016,2024ZN-0233,OH-VH00648-240326
SRR29763017,2024ZN-0232,OH-VH00648-240326
SRR29845877,2024ZN-0246,OH-VH01632-240329
SRR29845878,2024ZN-0245,OH-VH01632-240329
SRR29845879,2024ZN-0244,OH-VH01632-240329
SRR29849649,2024ZN-0255,OH-VH01632-240329
SRR29849650,2024ZN-0254,OH-VH01632-240329
SRR29849651,2024ZN-0253,OH-VH01632-240329
SRR29849652,2024ZN-0252,OH-VH01632-240329
SRR29849653,2024ZN-0251,OH-VH01632-240329
SRR29849654,2024ZN-0250,OH-VH01632-240329
SRR29858988,2024ZN-0268,OH-VH01632-240223
SRR29858989,2024ZN-0267,OH-VH01632-240223
SRR29858990,2024ZN-0266,OH-VH01632-240223
SRR29858991,2024ZN-0265,OH-VH01632-240223
SRR29858992,2024ZN-0264,OH-VH01632-240223
SRR29858993,2024ZN-0263,OH-VH01632-240223
SRR29858994,2024ZN-0262,OH-VH01632-240223
SRR29858995,2024ZN-0261,OH-VH01632-240223
SRR29858996,2024ZN-0260,OH-VH01632-240223
SRR29858997,2024ZN-0259,SAMN42557350,OH-VH01632-240223
SRR29915604,2024ZN-0271,OB24003
SRR29915605,2024ZN-0270,OB24003
SRR29915606,2024ZN-0269,OB24003
SRR29930904,2024ZN-0281,OH-VH00648-240326
SRR29930905,2024ZN-0280,OH-VH00648-240326
SRR29930906,2024ZN-0279,OH-VH00648-240326
SRR29930907,2024ZN-0278,OH-VH00648-240326
SRR29930908,2024ZN-0277,OH-VH00648-240326
SRR29930909,2024ZN-0276,OH-VH00648-240326
SRR29930910,2024ZN-0275,OH-VH00648-240326
SRR29930911,2024ZN-0274,OH-VH00648-240326
SRR29930912,2024ZN-0197,SAMN42764211,OH-VH00648-240326
SRR29930913,2024ZN-0283,OH-VH00648-240326
SRR29930914,2024ZN-0282,OH-VH00648-240326
SRR29930915,2024ZN-0273,OH-VH00648-240326
SRR29930916,2024ZN-0272,OH-VH00648-240326
SRR30105847,2024ZN-0293,SAMN42995300,OH-VH00648-240403
SRR30105848,2024ZN-0292,SAMN42995299,OH-VH00648-240403
SRR30105849,2024ZN-0291,SAMN42995298,OH-VH00648-240403
SRR30105850,2024ZN-0290,SAMN42995297,OH-VH00648-240403
SRR30105851,2024ZN-0289,SAMN42995296,OH-VH00648-240403
SRR30105852,2024ZN-0288,SAMN42995295,OH-VH00648-240403
SRR30105853,2024ZN-0287,SAMN42995294,OH-VH00648-240403
SRR30105854,2024ZN-0286,SAMN42995293,OH-VH00648-240403
SRR30105855,2024ZN-0298,SAMN42995305,OH-VH00648-240403
SRR30105856,2024ZN-0297,SAMN42995304,OH-VH00648-240403
SRR30105857,2024ZN-0296,SAMN42995303,OH-VH00648-240403
SRR30105858,2024ZN-0295,SAMN42995302,OH-VH00648-240403
SRR30105859,2024ZN-0294,SAMN42995301,OH-VH00648-240403
SRR30105860,2024ZN-0285,SAMN42995292,OH-VH00648-240403
SRR30105861,2024ZN-0284,SAMN42995291,OH-VH00648-240403
SRR30140476,2024ZN-0308,SAMN43040092,OH-VH00648-240403
SRR30140477,2024ZN-0307,SAMN43040091,OH-VH00648-240403
SRR30140478,2024ZN-0306,SAMN43040090,OH-VH00648-240403
SRR30140479,2024ZN-0305,SAMN43040089,OH-VH00648-240403
SRR30140480,2024ZN-0304,SAMN43040088,OH-VH00648-240403
SRR30140481,2024ZN-0303,SAMN43040087,OH-VH00648-240403
SRR30140482,2024ZN-0302,SAMN43040086,OH-VH00648-240403
SRR30140483,2024ZN-0301,SAMN43040085,OH-VH00648-240403
SRR30140484,2024ZN-0313,SAMN43040097,OH-VH00648-240403
SRR30140485,2024ZN-0312,SAMN43040096,OH-VH00648-240403
SRR30140486,2024ZN-0311,SAMN43040095,OH-VH00648-240403
SRR30140487,2024ZN-0310,SAMN43040094,OH-VH00648-240403
SRR30140488,2024ZN-0309,SAMN43040093,OH-VH00648-240403
SRR30140489,2024ZN-0300,SAMN43040084,OH-VH00648-240403
SRR30140490,2024ZN-0299,SAMN43040083,OH-VH00648-240403
SRR30177158,2024ZN-0320,SAMN43082864,OB24002
SRR30177159,2024ZN-0321,SAMN43082863,OB24002
SRR30210851,2024ZN-0331,SAMN43147753,OH-VH00648-240705
SRR30210852,2024ZN-0330,SAMN43147752,OH-VH00648-240705
SRR30210853,2024ZN-0329,SAMN43147751,OH-VH00648-240705
SRR30210854,2024ZN-0328,SAMN43147750,OH-VH00648-240705
SRR30210855,2024ZN-0327,SAMN43147749,OH-VH00648-240705
SRR30210856,2024ZN-0326,SAMN43147748,OH-VH00648-240705
SRR30210857,2024ZN-0325,SAMN43147747,OH-VH00648-240705
SRR30210858,2024ZN-0324,SAMN43147746,OH-VH00648-240705
SRR30210859,2024ZN-0339,SAMN43147761,OH-VH00648-240705
SRR30210860,2024ZN-0338,SAMN43147760,OH-VH00648-240705
SRR30210861,2024ZN-0337,SAMN43147759,OH-VH00648-240705
SRR30210862,2024ZN-0336,SAMN43147758,OH-VH00648-240705
SRR30210863,2024ZN-0335,SAMN43147757,OH-VH00648-240705
SRR30210864,2024ZN-0334,SAMN43147756,OH-VH00648-240705
SRR30210865,2024ZN-0333,SAMN43147755,OH-VH00648-240705
SRR30210866,2024ZN-0332,SAMN43147754,OH-VH00648-240705
SRR30210867,2024ZN-0323,SAMN43147745,OH-VH00648-240705
SRR30210868,2024ZN-0322,SAMN43147744,OH-VH00648-240705
SRR30235158,2024ZN-0347,SAMN43185182,OH-VH00648-240705
SRR30235159,2024ZN-0346,SAMN43185181,OH-VH00648-240705
SRR30235160,2024ZN-0345,SAMN43185180,OH-VH00648-240705
SRR30235161,2024ZN-0344,SAMN43185179,OH-VH00648-240705
SRR30235162,2024ZN-0343,SAMN43185178,OH-VH00648-240705
SRR30235163,2024ZN-0342,SAMN43185177,OH-VH00648-240705
SRR30235164,2024ZN-0341,SAMN43185176,OH-VH00648-240705
SRR30235165,2024ZN-0340,SAMN43185175,OH-VH00648-240705
SRR30284860,2024ZN-0357,SAMN43241378,OH-VH00648-240403
SRR30284861,2024ZN-0356,SAMN43241377,OH-VH00648-240403
SRR30284862,2024ZN-0355,SAMN43241376,OH-VH00648-240403
SRR30284863,2024ZN-0353,SAMN43241375,OH-VH00648-240403
SRR30284864,2024ZN-0352,SAMN43241374,OH-VH00648-240403
SRR30284865,2024ZN-0351,SAMN43241373,OH-VH00648-240403
SRR30284866,2024ZN-0350,SAMN43241372,OH-VH00648-240403
SRR30284867,2024ZN-0349,SAMN43241371,OH-VH00648-240403
SRR30284868,2024ZN-0359,SAMN43241380,OH-VH00648-240403
SRR30284869,2024ZN-0358,SAMN43241379,OH-VH00648-240403
SRR30284870,2024ZN-0348,SAMN43241370,OH-VH00648-240403
SRR30284871,2024ZN-0354,SAMN43241369,OH-VH00648-240403
SRR30296813,2024ZN-0369,SAMN43258943,OH-VH00648-240403
SRR30296814,2024ZN-0368,SAMN43258942,OH-VH00648-240403
SRR30296815,2024ZN-0367,SAMN43258941,OH-VH00648-240403
SRR30296816,2024ZN-0366,SAMN43258940,OH-VH00648-240403
SRR30296817,2024ZN-0365,SAMN43258939,OH-VH00648-240403
SRR30296818,2024ZN-0364,SAMN43258938,OH-VH00648-240403
SRR30296819,2024ZN-0363,SAMN43258937,OH-VH00648-240403
SRR30296820,2024ZN-0362,SAMN43258936,OH-VH00648-240403
SRR30296821,2024ZN-0371,SAMN43258945,OH-VH00648-240403
SRR30296822,2024ZN-0370,SAMN43258944,OH-VH00648-240403
SRR30296823,2024ZN-0361,SAMN43258935,OH-VH00648-240403
SRR30296824,2024ZN-0360,SAMN43258934,OH-VH00648-240403
SRR30333686,2024ZN-0380,SAMN43291998,OH-VH00648-240412
SRR30333687,2024ZN-0379,SAMN43291997,OH-VH00648-240412
SRR30333688,2024ZN-0378,SAMN43291996,OH-VH00648-240412
SRR30333689,2024ZN-0377,SAMN43291995,OH-VH00648-240412
SRR30333690,2024ZN-0376,SAMN43291994,OH-VH00648-240412
SRR30333691,2024ZN-0375,SAMN43291993,OH-VH00648-240412
SRR30333692,2024ZN-0374,SAMN43291992,OH-VH00648-240412
SRR30333693,2024ZN-0373,SAMN43291991,OH-VH00648-240412
SRR30333694,2024ZN-0372,SAMN43291990,OH-VH00648-240412
SRR30361541,2024ZN-0382,SAMN43336080,RUSH001
SRR30361542,2024ZN-0381,SAMN43336079,RUSH001
SRR30505046,2024ZN-0425,SAMN43452661,OH-VH01632-240419
SRR30505047,2024ZN-0424,SAMN43452660,OH-VH01632-240419
SRR30505048,2024ZN-0423,SAMN43452659,OH-VH01632-240419
SRR30505049,2024ZN-0422,SAMN43452658,OH-VH01632-240419
SRR30505050,2024ZN-0421,SAMN43452657,OH-VH01632-240419
SRR30505051,2024ZN-0420,SAMN43452656,OH-VH01632-240419
SRR30505052,2024ZN-0419,SAMN43452655,OH-VH01632-240419
SRR30505053,2024ZN-0415,SAMN43452673,OH-VH01632-240419
SRR30505054,2024ZN-0436,SAMN43452672,OH-VH01632-240419
SRR30505055,2024ZN-0418,SAMN43452654,OH-VH01632-240419
SRR30505056,2024ZN-0435,SAMN43452671,OH-VH01632-240419
SRR30505057,2024ZN-0434,SAMN43452670,OH-VH01632-240419
SRR30505058,2024ZN-0433,SAMN43452669,OH-VH01632-240419
SRR30505059,2024ZN-0432,SAMN43452668,OH-VH01632-240419
SRR30505060,2024ZN-0431,SAMN43452667,OH-VH01632-240419
SRR30505061,2024ZN-0430,SAMN43452666,OH-VH01632-240419
SRR30505062,2024ZN-0429,SAMN43452665,OH-VH01632-240419
SRR30505063,2024ZN-0428,SAMN43452664,OH-VH01632-240419
SRR30505064,2024ZN-0427,SAMN43452663,OH-VH01632-240419
SRR30505065,2024ZN-0426,SAMN43452662,OH-VH01632-240419
SRR30505066,2024ZN-0417,SAMN43452653,OH-VH01632-240419
SRR30505067,2024ZN-0416,SAMN43452652,OH-VH01632-240419
SRR30512582,2024ZN-0446,SAMN43465628,OH-VH01632-240419
SRR30512583,2024ZN-0445,SAMN43465627,OH-VH01632-240419
SRR30512584,2024ZN-0444,SAMN43465626,OH-VH01632-240419
SRR30512585,2024ZN-0443,SAMN43465625,OH-VH01632-240419
SRR30512586,2024ZN-0442,SAMN43465624,OH-VH01632-240419
SRR30512587,2024ZN-0441,SAMN43465623,OH-VH01632-240419
SRR30512588,2024ZN-0440,SAMN43465622,OH-VH01632-240419
SRR30512589,2024ZN-0459,SAMN43465641,OH-VH01632-240419
SRR30512590,2024ZN-0458,SAMN43465640,OH-VH01632-240419
SRR30512591,2024ZN-0457,SAMN43465639,OH-VH01632-240419
SRR30512592,2024ZN-0439,SAMN43465621,OH-VH01632-240419
SRR30512593,2024ZN-0456,SAMN43465638,OH-VH01632-240419
SRR30512594,2024ZN-0455,SAMN43465637,OH-VH01632-240419
SRR30512595,2024ZN-0454,SAMN43465636,OH-VH01632-240419
SRR30512596,2024ZN-0453,SAMN43465635,OH-VH01632-240419
SRR30512597,2024ZN-0452,SAMN43465634,OH-VH01632-240419
SRR30512598,2024ZN-0451,SAMN43465633,OH-VH01632-240419
SRR30512599,2024ZN-0450,SAMN43465632,OH-VH01632-240419
SRR30512600,2024ZN-0449,SAMN43465631,OH-VH01632-240419
SRR30512601,2024ZN-0448,SAMN43465630,OH-VH01632-240419
SRR30512602,2024ZN-0447,SAMN43465629,OH-VH01632-240419
SRR30512603,2024ZN-0438,SAMN43465620,OH-VH01632-240419
SRR30512604,2024ZN-0437,SAMN43465619,OH-VH01632-240419
SRR30513717,2024ZN-0469,SAMN43466498,OH-VH00648-240426
SRR30513718,2024ZN-0468,SAMN43466497,OH-VH00648-240426
SRR30513719,2024ZN-0467,SAMN43466496,OH-VH00648-240426
SRR30513720,2024ZN-0466,SAMN43466495,OH-VH00648-240426
SRR30513721,2024ZN-0465,SAMN43466494,OH-VH00648-240426
SRR30513722,2024ZN-0464,SAMN43466493,OH-VH00648-240426
SRR30513723,2024ZN-0463,SAMN43466492,OH-VH00648-240426
SRR30513724,2024ZN-0480,SAMN43466509,OH-VH00648-240426
SRR30513725,2024ZN-0462,SAMN43466491,OH-VH00648-240426
SRR30513726,2024ZN-0479,SAMN43466508,OH-VH00648-240426
SRR30513727,2024ZN-0478,SAMN43466507,OH-VH00648-240426
SRR30513728,2024ZN-0477,SAMN43466506,OH-VH00648-240426
SRR30513729,2024ZN-0476,SAMN43466505,OH-VH00648-240426
SRR30513730,2024ZN-0475,SAMN43466504,OH-VH00648-240426
SRR30513731,2024ZN-0474,SAMN43466503,OH-VH00648-240426
SRR30513732,2024ZN-0473,SAMN43466502,OH-VH00648-240426
SRR30513733,2024ZN-0472,SAMN43466501,OH-VH00648-240426
SRR30513734,2024ZN-0471,SAMN43466500,OH-VH00648-240426
SRR30513735,2024ZN-0470,SAMN43466499,OH-VH00648-240426
SRR30513736,2024ZN-0461,SAMN43466490,OH-VH00648-240426
SRR30513737,2024ZN-0460,SAMN43466489,OH-VH00648-240426
SRR30551000,2024ZN-0501,SAMN43510003,OH-VH00648-240823
SRR30551001,2024ZN-0500,SAMN43510002,OH-VH00648-240823
SRR30551002,2024ZN-0499,SAMN43510001,OH-VH00648-240823
SRR30551003,2024ZN-0498,SAMN43510000,OH-VH00648-240823
SRR30551004,2024ZN-0258,SAMN43509999,OH-VH00648-240823
SRR30558288,2024ZN-0388,SAMN43502177,OH-M06588-240826
SRR30558289,2024ZN-0387,SAMN43502176,OH-M06588-240826
SRR30558290,2024ZN-0386,SAMN43502175,OH-M06588-240826
SRR30558291,2024ZN-0496,SAMN43502174,OH-M06588-240826
SRR30558292,2024ZN-0495,SAMN43502173,OH-M06588-240826
SRR30558293,2024ZN-0385,SAMN43502172,OH-M06588-240826
SRR30558294,2024ZN-0494,SAMN43502171,OH-M06588-240826
SRR30558295,2024ZN-0493,SAMN43502170,OH-M06588-240826
SRR30558296,2024ZN-0497,SAMN43502180,OH-M06588-240826
SRR30558297,2024ZN-0390,SAMN43502179,OH-M06588-240826
SRR30558298,2024ZN-0389,SAMN43502178,OH-M06588-240826
SRR30558299,2024ZN-0384,SAMN43502169,OH-M06588-240826
SRR30558300,2024ZN-0383,SAMN43502168,OH-M06588-240826
SRR30565922,2024ZN-0490,SAMN43516469,OH-VH01632-240816
SRR30565923,2024ZN-0489,SAMN43516468,OH-VH01632-240816
SRR30565924,2024ZN-0488,SAMN43516467,OH-VH01632-240816
SRR30565925,2024ZN-0487,SAMN43516466,OH-VH01632-240816
SRR30565926,2024ZN-0482,SAMN43516465,OH-VH01632-240816
SRR30565927,2024ZN-0481,SAMN43516464,OH-VH01632-240816
SRR30565928,2024ZN-0486,SAMN43516463,OH-VH01632-240816
SRR30565929,2024ZN-0485,SAMN43516462,OH-VH01632-240816
SRR30565930,2024ZN-0492,SAMN43516471,OH-VH01632-240816
SRR30565931,2024ZN-0491,SAMN43516470,OH-VH01632-240816
SRR30565932,2024ZN-0484,SAMN43516461,OH-VH01632-240816
SRR30565933,2024ZN-0483,SAMN43516460,OH-VH01632-240816
SRR30565940,2024ZN-0404,SAMN43516788,OH-VH01632-240829
SRR30565941,2024ZN-0403,SAMN43516787,OH-VH01632-240829
SRR30565942,2024ZN-0402,SAMN43516786,OH-VH01632-240829
SRR30565943,2024ZN-0401,SAMN43516785,OH-VH01632-240829
SRR30565944,2024ZN-0400,SAMN43516784,OH-VH01632-240829
SRR30565945,2024ZN-0399,SAMN43516783,OH-VH01632-240829
SRR30565946,2024ZN-0398,SAMN43516782,OH-VH01632-240829
SRR30565947,2024ZN-0397,SAMN43516781,OH-VH01632-240829
SRR30565948,2024ZN-0414,SAMN43516798,OH-VH01632-240829
SRR30565949,2024ZN-0413,SAMN43516797,OH-VH01632-240829
SRR30565950,2024ZN-0412,SAMN43516796,OH-VH01632-240829
SRR30565951,2024ZN-0411,SAMN43516795,OH-VH01632-240829
SRR30565952,2024ZN-0410,SAMN43516794,OH-VH01632-240829
SRR30565953,2024ZN-0409,SAMN43516793,OH-VH01632-240829
SRR30565954,2024ZN-0408,SAMN43516792,OH-VH01632-240829
SRR30565955,2024ZN-0407,SAMN43516791,OH-VH01632-240829
SRR30565956,2024ZN-0406,SAMN43516790,OH-VH01632-240829
SRR30565957,2024ZN-0405,SAMN43516789,OH-VH01632-240829
SRR30565958,2024ZN-0396,SAMN43516780,OH-VH01632-240829
SRR30565959,2024ZN-0395,SAMN43516779,OH-VH01632-240829
